[{
    "name": "Product 101",
    "price": 35
}, {
    "name": "Product 102",
    "price": 15
}, {
    "name": "Product 103",
    "price": 16
}, {
    "name": "Product 104",
    "price": 48
}, {
    "name": "Product 105",
    "price": 100
}, {
    "name": "Product 106",
    "price": 150
}, {
    "name": "Product 107",
    "price": 135
}, {
    "name": "Product 108",
    "price": 98
}, {
    "name": "Product 109",
    "price": 10
}, {
    "name": "Product 111",
    "price": 85
}, {
    "name": "Product 112",
    "price": 80
}, {
    "name": "Product 113",
    "price": 90
}, {
    "name": "Product 114",
    "price": 160
}]